flow_name,latency_ms
SB-LMU-to-UTokyo,487.0002
SB-LMU-to-UTokyo,727.0002
SB-LMU-to-UTokyo,845.0002
SB-LMU-to-UTokyo,1204.0003
SB-LMU-to-UTokyo,1683.0003
SB-LMU-to-UTokyo,1922.0003
SB-LMU-to-UTokyo,2161.0003
SB-LMU-to-UTokyo,2400.0003
SB-LMU-to-UTokyo,2543.0002
SB-LMU-to-UTokyo,2997.0004
SB-LMU-to-UTokyo,3835.0004
SB-LMU-to-UTokyo,4193.0004
SB-LMU-to-UTokyo,4551.0005
SB-LMU-to-UTokyo,5269.0005
SB-LMU-to-UTokyo,5987.0005
SB-LMU-to-UTokyo,6345.0006
SB-LMU-to-UTokyo,7063.0006
SB-LMU-to-UTokyo,7541.0006
SB-LMU-to-UTokyo,8138.0007
SB-LMU-to-UTokyo,9215.0007
SB-LMU-to-UTokyo,9812.0008
SB-LMU-to-UTokyo,10889.0008
SB-LMU-to-UTokyo,11510.0002
SB-LMU-to-UTokyo,12443.0009
SB-LMU-to-UTokyo,13160.001
SB-LMU-to-UTokyo,13637.001
SB-LMU-to-UTokyo,15556.0011
SB-LMU-to-UTokyo,19874.0014
SB-LMU-to-UTokyo,24190.0018
SB-LMU-to-UTokyo,28747.0021
SB-LMU-to-UTokyo,33904.0025
SB-LMU-to-UTokyo,37621.0028
SB-LMU-to-UTokyo,41818.0032
SB-LMU-to-UTokyo,46495.0035
SB-LMU-to-UTokyo,50692.0038
SB-LMU-to-UTokyo,55250.0036
SB-LMU-to-UTokyo,59566.0045
SB-LMU-to-UTokyo,64003.0048
SB-LMU-to-UTokyo,68464.0002
SB-LMU-to-UTokyo,71797.0054
SB-LMU-to-UTokyo,76474.0058
SB-LMU-to-UTokyo,80671.0061
SB-LMU-to-UTokyo,87029.0056
SB-LMU-to-UTokyo,103105.0078
SB-OVGU-to-KAIST,587.0002
SB-OVGU-to-KAIST,946.0003
SB-OVGU-to-KAIST,1425.0003
SB-OVGU-to-KAIST,2024.0003
SB-OVGU-to-KAIST,2263.0003
SB-OVGU-to-KAIST,2622.0004
SB-OVGU-to-KAIST,3700.0004
SB-OVGU-to-KAIST,4298.0005
SB-OVGU-to-KAIST,5500.0002
SB-OVGU-to-KAIST,6214.0006
SB-OVGU-to-KAIST,7292.0006
SB-OVGU-to-KAIST,7890.0007
SB-OVGU-to-KAIST,8848.0007
SB-OVGU-to-KAIST,9686.0008
SB-OVGU-to-KAIST,11003.0008
SB-OVGU-to-KAIST,12200.0009
SB-OVGU-to-KAIST,13397.001
SB-OVGU-to-KAIST,19034.0014
SB-OVGU-to-KAIST,26111.0019
SB-OVGU-to-KAIST,32948.0025
SB-OVGU-to-KAIST,40145.003
SB-OVGU-to-KAIST,47342.0036
SB-OVGU-to-KAIST,54299.0041
SB-OVGU-to-KAIST,61257.004
SB-OVGU-to-KAIST,67613.0051
SB-OVGU-to-KAIST,74690.0056
SB-OVGU-to-KAIST,81527.0062
SB-OVGU-to-KAIST,98204.0074
SB-TUB-to-NUS,602.0002
SB-TUB-to-NUS,751.0002
SB-TUB-to-NUS,900.0002
SB-TUB-to-NUS,1049.0002
SB-TUB-to-NUS,1198.0003
SB-TUB-to-NUS,1347.0003
SB-TUB-to-NUS,1496.0003
SB-TUB-to-NUS,1645.0003
SB-TUB-to-NUS,1794.0003
SB-TUB-to-NUS,1944.0003
SB-TUB-to-NUS,2092.0003
SB-TUB-to-NUS,2241.0003
SB-TUB-to-NUS,2390.0003
SB-TUB-to-NUS,2588.0002
SB-TUB-to-NUS,2837.0004
SB-TUB-to-NUS,3136.0004
SB-TUB-to-NUS,3433.0004
SB-TUB-to-NUS,3732.0004
SB-TUB-to-NUS,4029.0004
SB-TUB-to-NUS,4328.0005
SB-TUB-to-NUS,4625.0005
SB-TUB-to-NUS,4924.0005
SB-TUB-to-NUS,5221.0005
SB-TUB-to-NUS,5568.0002
SB-TUB-to-NUS,5817.0006
SB-TUB-to-NUS,6116.0006
SB-TUB-to-NUS,6413.0006
SB-TUB-to-NUS,6712.0006
SB-TUB-to-NUS,7009.0006
SB-TUB-to-NUS,7308.0006
SB-TUB-to-NUS,7605.0007
SB-TUB-to-NUS,8052.0007
SB-TUB-to-NUS,8548.0002
SB-TUB-to-NUS,8946.0008
SB-TUB-to-NUS,9393.0008
SB-TUB-to-NUS,9840.0008
SB-TUB-to-NUS,10436.0008
SB-TUB-to-NUS,11032.0009
SB-TUB-to-NUS,11628.0009
SB-TUB-to-NUS,12224.001
SB-TUB-to-NUS,12820.001
SB-TUB-to-NUS,13416.001
SB-TUB-to-NUS,14012.0011
SB-TUB-to-NUS,14608.0011
SB-TUB-to-NUS,15204.0012
SB-TUB-to-NUS,16251.0012
SB-TUB-to-NUS,16846.0012
SB-TUB-to-NUS,17491.0002
SB-TUB-to-NUS,18038.0013
SB-TUB-to-NUS,18784.0014
SB-TUB-to-NUS,19530.0014
SB-TUB-to-NUS,20126.0014
SB-TUB-to-NUS,20722.0015
SB-TUB-to-NUS,21318.0015
SB-TUB-to-NUS,21914.0015
SB-TUB-to-NUS,22510.0016
SB-TUB-to-NUS,23106.0016
SB-TUB-to-NUS,23702.0017
SB-TUB-to-NUS,24298.0017
SB-TUB-to-NUS,24894.0017
SB-TUB-to-NUS,25490.0018
SB-TUB-to-NUS,26086.0018
SB-TUB-to-NUS,26682.0019
SB-TUB-to-NUS,27278.0019
SB-TUB-to-NUS,27874.0019
SB-TUB-to-NUS,28470.002
SB-TUB-to-NUS,29066.002
SB-TUB-to-NUS,29662.002
SB-TUB-to-NUS,30258.0021
SB-TUB-to-NUS,30854.0021
SB-TUB-to-NUS,31450.0022
SB-TUB-to-NUS,32046.0022
SB-TUB-to-NUS,32642.0022
SB-TUB-to-NUS,33238.0023
SB-TUB-to-NUS,33834.0023
SB-TUB-to-NUS,34430.0023
SB-TUB-to-NUS,35026.0024
SB-TUB-to-NUS,35622.0024
SB-TUB-to-NUS,36218.0025
SB-TUB-to-NUS,36814.0025
SB-TUB-to-NUS,37410.0025
SB-TUB-to-NUS,38006.0026
SB-TUB-to-NUS,38602.0026
SB-TUB-to-NUS,39198.0027
SB-TUB-to-NUS,39794.0027
SB-TUB-to-NUS,40390.0027
SB-TUB-to-NUS,40986.0028
SB-TUB-to-NUS,41582.0028
SB-TUB-to-NUS,42178.0028
SB-TUB-to-NUS,42774.0029
SB-TUB-to-NUS,43370.0029
SB-TUB-to-NUS,43966.003
SB-TUB-to-NUS,44562.003
SB-TUB-to-NUS,45158.003
SB-TUB-to-NUS,45754.0031
SB-TUB-to-NUS,46800.0031
SB-TUB-to-NUS,47396.0032
SB-TUB-to-NUS,47992.0032
SB-TUB-to-NUS,48588.0032
SB-TUB-to-NUS,49334.0033
SB-TUB-to-NUS,50080.0033
SB-TUB-to-NUS,50676.0034
SB-TUB-to-NUS,51272.0034
SB-TUB-to-NUS,51868.0034
SB-TUB-to-NUS,52464.0035
SB-TUB-to-NUS,53060.0035
SB-TUB-to-NUS,53656.0035
SB-TUB-to-NUS,54252.0036
SB-TUB-to-NUS,54848.0036
SB-TUB-to-NUS,55444.0037
SB-TUB-to-NUS,56040.0037
SB-TUB-to-NUS,56636.0037
SB-TUB-to-NUS,57232.0038
SB-TUB-to-NUS,57828.0038
SB-TUB-to-NUS,58424.0039
SB-TUB-to-NUS,59020.0039
SB-TUB-to-NUS,59616.0039
SB-TUB-to-NUS,60212.004
SB-TUB-to-NUS,60808.004
SB-TUB-to-NUS,61404.004
SB-TUB-to-NUS,62000.0041
SB-TUB-to-NUS,62596.0041
SB-TUB-to-NUS,63192.0042
SB-TUB-to-NUS,63788.0042
SB-TUB-to-NUS,64384.0042
SB-TUB-to-NUS,64980.0043
SB-TUB-to-NUS,65576.0043
SB-TUB-to-NUS,66172.0043
SB-TUB-to-NUS,66768.0044
SB-TUB-to-NUS,67364.0044
SB-TUB-to-NUS,67960.0045
SB-TUB-to-NUS,68556.0045
SB-TUB-to-NUS,69152.0045
SB-TUB-to-NUS,69748.0046
SB-TUB-to-NUS,70344.0046
SB-TUB-to-NUS,70940.0047
SB-TUB-to-NUS,71536.0047
SB-TUB-to-NUS,72132.0047
SB-TUB-to-NUS,72728.0048
SB-TUB-to-NUS,73324.0048
SB-TUB-to-NUS,73920.0048
SB-TUB-to-NUS,74516.0049
SB-TUB-to-NUS,75112.0049
SB-TUB-to-NUS,75708.005
SB-TUB-to-NUS,76304.005
SB-TUB-to-NUS,77350.005
SB-TUB-to-NUS,77946.0051
SB-TUB-to-NUS,78542.0051
SB-TUB-to-NUS,79138.0052
SB-TUB-to-NUS,79884.0052
SB-TUB-to-NUS,80630.0052
SB-TUB-to-NUS,81226.0053
SB-TUB-to-NUS,81822.0053
SB-TUB-to-NUS,82418.0054
SB-TUB-to-NUS,83063.0002
SB-TUB-to-NUS,83610.0054
SB-TUB-to-NUS,84206.0055
SB-TUB-to-NUS,84802.0055
SB-TUB-to-NUS,85398.0055
SB-TUB-to-NUS,86043.0002
SB-TUB-to-NUS,86590.0056
SB-TUB-to-NUS,87186.0057
SB-TUB-to-NUS,87782.0057
SB-TUB-to-NUS,88378.0057
SB-TUB-to-NUS,89023.0002
SB-TUB-to-NUS,89570.0058
SB-TUB-to-NUS,90166.0059
SB-TUB-to-NUS,90762.0059
SB-TUB-to-NUS,91358.0059
SB-TUB-to-NUS,92003.0002
SB-TUB-to-NUS,92550.006
SB-TUB-to-NUS,93146.006
SB-TUB-to-NUS,93742.0061
SB-TUB-to-NUS,94338.0061
SB-TUB-to-NUS,95084.0062
SB-TUB-to-NUS,95680.0062
SB-TUB-to-NUS,96276.0062
SB-TUB-to-NUS,96872.0063
SB-TUB-to-NUS,97468.0063
SB-TUB-to-NUS,98064.0064
SB-TUB-to-NUS,98660.0064
SB-TUB-to-NUS,99256.0064
SB-TUB-to-NUS,99852.0065
SB-TUB-to-NUS,100448.0065
SB-TUB-to-NUS,101044.0065
SB-TUB-to-NUS,101640.0066
SB-TUB-to-NUS,102236.0066
SB-TUB-to-NUS,102832.0067
SB-TUB-to-NUS,103428.0067
SB-TUB-to-NUS,104024.0067
SB-TUB-to-NUS,104620.0068
SB-UTokyo-to-LMU,307.0002
SB-UTokyo-to-LMU,456.0002
SB-UTokyo-to-LMU,605.0002
SB-UTokyo-to-LMU,754.0002
SB-UTokyo-to-LMU,903.0003
SB-UTokyo-to-LMU,1052.0003
SB-UTokyo-to-LMU,1201.0003
SB-UTokyo-to-LMU,1350.0003
SB-UTokyo-to-LMU,1499.0003
SB-UTokyo-to-LMU,1798.0003
SB-UTokyo-to-LMU,1947.0003
SB-UTokyo-to-LMU,2096.0003
SB-UTokyo-to-LMU,2245.0003
SB-UTokyo-to-LMU,2394.0003
SB-UTokyo-to-LMU,2543.0003
SB-UTokyo-to-LMU,2692.0004
SB-UTokyo-to-LMU,2841.0004
SB-UTokyo-to-LMU,2994.0002
SB-UTokyo-to-LMU,3139.0004
SB-UTokyo-to-LMU,3288.0004
SB-UTokyo-to-LMU,3437.0004
SB-UTokyo-to-LMU,3586.0004
SB-UTokyo-to-LMU,3735.0004
SB-UTokyo-to-LMU,3884.0004
SB-UTokyo-to-LMU,4033.0004
SB-UTokyo-to-LMU,4182.0005
SB-UTokyo-to-LMU,4331.0005
SB-UTokyo-to-LMU,4480.0005
SB-UTokyo-to-LMU,4629.0005
SB-UTokyo-to-LMU,4778.0005
SB-UTokyo-to-LMU,4927.0005
SB-UTokyo-to-LMU,5076.0005
SB-UTokyo-to-LMU,5225.0005
SB-UTokyo-to-LMU,5374.0005
SB-UTokyo-to-LMU,5523.0005
SB-UTokyo-to-LMU,5672.0005
SB-UTokyo-to-LMU,5821.0006
SB-UTokyo-to-LMU,5974.0002
SB-UTokyo-to-LMU,6269.0006
SB-UTokyo-to-LMU,6568.0006
SB-UTokyo-to-LMU,6717.0006
SB-UTokyo-to-LMU,6866.0006
SB-UTokyo-to-LMU,7015.0006
SB-UTokyo-to-LMU,7164.0006
SB-UTokyo-to-LMU,7313.0006
SB-UTokyo-to-LMU,7462.0006
SB-UTokyo-to-LMU,7611.0007
SB-UTokyo-to-LMU,7760.0007
SB-UTokyo-to-LMU,7909.0007
SB-UTokyo-to-LMU,8058.0007
SB-UTokyo-to-LMU,8207.0007
SB-UTokyo-to-LMU,8356.0007
SB-UTokyo-to-LMU,8505.0007
SB-UTokyo-to-LMU,8654.0007
SB-UTokyo-to-LMU,8803.0007
SB-UTokyo-to-LMU,8956.0002
SB-UTokyo-to-LMU,9101.0008
SB-UTokyo-to-LMU,9250.0008
SB-UTokyo-to-LMU,9399.0008
SB-UTokyo-to-LMU,9548.0008
SB-UTokyo-to-LMU,9697.0008
SB-UTokyo-to-LMU,9846.0008
SB-UTokyo-to-LMU,9995.0008
SB-UTokyo-to-LMU,10144.0008
SB-UTokyo-to-LMU,10293.0008
SB-UTokyo-to-LMU,10442.0008
SB-UTokyo-to-LMU,10591.0008
SB-UTokyo-to-LMU,10740.0009
SB-UTokyo-to-LMU,10889.0009
SB-UTokyo-to-LMU,11038.0009
SB-UTokyo-to-LMU,11187.0009
SB-UTokyo-to-LMU,11336.0009
SB-UTokyo-to-LMU,11485.0009
SB-UTokyo-to-LMU,11634.0009
SB-UTokyo-to-LMU,11783.0009
SB-UTokyo-to-LMU,11936.0002
SB-UTokyo-to-LMU,12081.0009
SB-UTokyo-to-LMU,12230.001
SB-UTokyo-to-LMU,12379.001
SB-UTokyo-to-LMU,12678.001
SB-UTokyo-to-LMU,12827.001
SB-UTokyo-to-LMU,12976.001
SB-UTokyo-to-LMU,13125.001
SB-UTokyo-to-LMU,13274.001
SB-UTokyo-to-LMU,13423.001
SB-UTokyo-to-LMU,13572.001
SB-UTokyo-to-LMU,13721.001
SB-UTokyo-to-LMU,13870.001
SB-UTokyo-to-LMU,14019.0011
SB-UTokyo-to-LMU,14168.0011
SB-UTokyo-to-LMU,14317.0011
SB-UTokyo-to-LMU,14466.0011
SB-UTokyo-to-LMU,14615.0011
SB-UTokyo-to-LMU,14764.0011
SB-UTokyo-to-LMU,14917.0002
SB-UTokyo-to-LMU,15062.0011
SB-UTokyo-to-LMU,15211.0011
SB-UTokyo-to-LMU,15360.0011
SB-UTokyo-to-LMU,15509.0012
SB-UTokyo-to-LMU,15658.0012
SB-UTokyo-to-LMU,15807.0012
SB-UTokyo-to-LMU,15956.0012
SB-UTokyo-to-LMU,16105.0012
SB-UTokyo-to-LMU,16254.0012
SB-UTokyo-to-LMU,16403.0012
SB-UTokyo-to-LMU,16552.0012
SB-UTokyo-to-LMU,16701.0012
SB-UTokyo-to-LMU,16850.0012
SB-UTokyo-to-LMU,16999.0013
SB-UTokyo-to-LMU,17148.0013
SB-UTokyo-to-LMU,17447.0013
SB-UTokyo-to-LMU,17596.0013
SB-UTokyo-to-LMU,17745.0013
SB-UTokyo-to-LMU,17898.0002
SB-UTokyo-to-LMU,18043.0013
SB-UTokyo-to-LMU,18192.0013
SB-UTokyo-to-LMU,18341.0013
SB-UTokyo-to-LMU,18490.0013
SB-UTokyo-to-LMU,18639.0013
SB-UTokyo-to-LMU,18938.0014
SB-UTokyo-to-LMU,19087.0014
SB-UTokyo-to-LMU,19236.0014
SB-UTokyo-to-LMU,19385.0014
SB-UTokyo-to-LMU,19534.0014
SB-UTokyo-to-LMU,19683.0014
SB-UTokyo-to-LMU,19832.0014
SB-UTokyo-to-LMU,19981.0014
SB-UTokyo-to-LMU,20130.0014
SB-UTokyo-to-LMU,20279.0014
SB-UTokyo-to-LMU,20428.0015
SB-UTokyo-to-LMU,20577.0015
SB-UTokyo-to-LMU,20726.0015
SB-UTokyo-to-LMU,20879.0002
SB-UTokyo-to-LMU,21024.0015
SB-UTokyo-to-LMU,21173.0015
SB-UTokyo-to-LMU,21322.0015
SB-UTokyo-to-LMU,21471.0015
SB-UTokyo-to-LMU,21620.0015
SB-UTokyo-to-LMU,21769.0015
SB-UTokyo-to-LMU,21918.0016
SB-UTokyo-to-LMU,22067.0016
SB-UTokyo-to-LMU,22216.0016
SB-UTokyo-to-LMU,22365.0016
SB-UTokyo-to-LMU,22514.0016
SB-UTokyo-to-LMU,22663.0016
SB-UTokyo-to-LMU,22812.0016
SB-UTokyo-to-LMU,22961.0016
SB-UTokyo-to-LMU,23110.0016
SB-UTokyo-to-LMU,23259.0016
SB-UTokyo-to-LMU,23408.0016
SB-UTokyo-to-LMU,23557.0017
SB-UTokyo-to-LMU,23706.0017
SB-UTokyo-to-LMU,23859.0002
SB-UTokyo-to-LMU,24004.0017
SB-UTokyo-to-LMU,24153.0017
SB-UTokyo-to-LMU,24302.0017
SB-UTokyo-to-LMU,24451.0017
SB-UTokyo-to-LMU,24600.0017
SB-UTokyo-to-LMU,24749.0017
SB-UTokyo-to-LMU,25048.0017
SB-UTokyo-to-LMU,25197.0018
SB-UTokyo-to-LMU,25346.0018
SB-UTokyo-to-LMU,25495.0018
SB-UTokyo-to-LMU,25644.0018
SB-UTokyo-to-LMU,25793.0018
SB-UTokyo-to-LMU,25942.0018
SB-UTokyo-to-LMU,26091.0018
SB-UTokyo-to-LMU,26240.0018
SB-UTokyo-to-LMU,26389.0018
SB-UTokyo-to-LMU,26538.0018
SB-UTokyo-to-LMU,26687.0018
SB-UTokyo-to-LMU,26840.0002
SB-UTokyo-to-LMU,26985.0019
SB-UTokyo-to-LMU,27134.0019
SB-UTokyo-to-LMU,27283.0019
SB-UTokyo-to-LMU,27432.0019
SB-UTokyo-to-LMU,27581.0019
SB-UTokyo-to-LMU,27730.0019
SB-UTokyo-to-LMU,27879.0019
SB-UTokyo-to-LMU,28028.0019
SB-UTokyo-to-LMU,28177.0019
SB-UTokyo-to-LMU,28326.002
SB-UTokyo-to-LMU,28625.002
SB-UTokyo-to-LMU,28774.002
SB-UTokyo-to-LMU,28923.002
SB-UTokyo-to-LMU,29072.002
SB-UTokyo-to-LMU,29221.002
SB-UTokyo-to-LMU,29370.002
SB-UTokyo-to-LMU,29519.002
SB-UTokyo-to-LMU,29668.002
SB-UTokyo-to-LMU,29821.0002
SB-UTokyo-to-LMU,29966.0021
SB-UTokyo-to-LMU,30115.0021
SB-UTokyo-to-LMU,30264.0021
SB-UTokyo-to-LMU,30413.0021
SB-UTokyo-to-LMU,30562.0021
SB-UTokyo-to-LMU,30711.0021
SB-UTokyo-to-LMU,30860.0021
SB-UTokyo-to-LMU,31009.0021
SB-UTokyo-to-LMU,31308.0021
SB-UTokyo-to-LMU,31457.0021
SB-UTokyo-to-LMU,31606.0021
SB-UTokyo-to-LMU,31755.0022
SB-UTokyo-to-LMU,31904.0022
SB-UTokyo-to-LMU,32053.0022
SB-UTokyo-to-LMU,32202.0022
SB-UTokyo-to-LMU,32351.0022
SB-UTokyo-to-LMU,32500.0022
SB-UTokyo-to-LMU,32649.0022
SB-UTokyo-to-LMU,32802.0002
SB-UTokyo-to-LMU,32947.0022
SB-UTokyo-to-LMU,33096.0022
SB-UTokyo-to-LMU,33245.0023
SB-UTokyo-to-LMU,33394.0023
SB-UTokyo-to-LMU,33543.0023
SB-UTokyo-to-LMU,33692.0023
SB-UTokyo-to-LMU,33841.0023
SB-UTokyo-to-LMU,33990.0023
SB-UTokyo-to-LMU,34139.0023
SB-UTokyo-to-LMU,34288.0023
SB-UTokyo-to-LMU,34437.0023
SB-UTokyo-to-LMU,34586.0023
SB-UTokyo-to-LMU,34735.0023
SB-UTokyo-to-LMU,34884.0024
SB-UTokyo-to-LMU,35033.0024
SB-UTokyo-to-LMU,35182.0024
SB-UTokyo-to-LMU,35331.0024
SB-UTokyo-to-LMU,35480.0024
SB-UTokyo-to-LMU,35629.0024
SB-UTokyo-to-LMU,35782.0002
SB-UTokyo-to-LMU,35927.0024
SB-UTokyo-to-LMU,36076.0024
SB-UTokyo-to-LMU,36225.0024
SB-UTokyo-to-LMU,36374.0025
SB-UTokyo-to-LMU,36523.0025
SB-UTokyo-to-LMU,36672.0025
SB-UTokyo-to-LMU,36821.0025
SB-UTokyo-to-LMU,36970.0025
SB-UTokyo-to-LMU,37119.0025
SB-UTokyo-to-LMU,37418.0025
SB-UTokyo-to-LMU,37567.0025
SB-UTokyo-to-LMU,37716.0025
SB-UTokyo-to-LMU,37865.0025
SB-UTokyo-to-LMU,38014.0026
SB-UTokyo-to-LMU,38163.0026
SB-UTokyo-to-LMU,38312.0026
SB-UTokyo-to-LMU,38461.0026
SB-UTokyo-to-LMU,38610.0026
SB-UTokyo-to-LMU,38763.0002
SB-UTokyo-to-LMU,38908.0026
SB-UTokyo-to-LMU,39057.0026
SB-UTokyo-to-LMU,39206.0026
SB-UTokyo-to-LMU,39355.0026
SB-UTokyo-to-LMU,39504.0026
SB-UTokyo-to-LMU,39803.0027
SB-UTokyo-to-LMU,39952.0027
SB-UTokyo-to-LMU,40101.0027
SB-UTokyo-to-LMU,40250.0027
SB-UTokyo-to-LMU,40399.0027
SB-UTokyo-to-LMU,40548.0027
SB-UTokyo-to-LMU,40697.0027
SB-UTokyo-to-LMU,40846.0027
SB-UTokyo-to-LMU,40995.0027
SB-UTokyo-to-LMU,41144.0027
SB-UTokyo-to-LMU,41293.0028
SB-UTokyo-to-LMU,41442.0028
SB-UTokyo-to-LMU,41591.0028
SB-UTokyo-to-LMU,41744.0002
SB-UTokyo-to-LMU,41889.0028
SB-UTokyo-to-LMU,42038.0028
SB-UTokyo-to-LMU,42187.0028
SB-UTokyo-to-LMU,42336.0028
SB-UTokyo-to-LMU,42485.0028
SB-UTokyo-to-LMU,42634.0028
SB-UTokyo-to-LMU,42783.0028
SB-UTokyo-to-LMU,42932.0029
SB-UTokyo-to-LMU,43081.0029
SB-UTokyo-to-LMU,43230.0029
SB-UTokyo-to-LMU,43379.0029
SB-UTokyo-to-LMU,43678.0029
SB-UTokyo-to-LMU,43827.0029
SB-UTokyo-to-LMU,43976.0029
SB-UTokyo-to-LMU,44125.0029
SB-UTokyo-to-LMU,44274.0029
SB-UTokyo-to-LMU,44423.0029
SB-UTokyo-to-LMU,44572.003
SB-UTokyo-to-LMU,44725.0002
SB-UTokyo-to-LMU,44870.003
SB-UTokyo-to-LMU,45019.003
SB-UTokyo-to-LMU,45168.003
SB-UTokyo-to-LMU,45317.003
SB-UTokyo-to-LMU,45466.003
SB-UTokyo-to-LMU,45615.003
SB-UTokyo-to-LMU,45764.003
SB-UTokyo-to-LMU,45913.003
SB-UTokyo-to-LMU,46062.0031
SB-UTokyo-to-LMU,46211.0031
SB-UTokyo-to-LMU,46360.0031
SB-UTokyo-to-LMU,46509.0031
SB-UTokyo-to-LMU,46658.0031
SB-UTokyo-to-LMU,46807.0031
SB-UTokyo-to-LMU,46956.0031
SB-UTokyo-to-LMU,47105.0031
SB-UTokyo-to-LMU,47254.0031
SB-UTokyo-to-LMU,47403.0031
SB-UTokyo-to-LMU,47552.0031
SB-UTokyo-to-LMU,47705.0002
SB-UTokyo-to-LMU,47850.0032
SB-UTokyo-to-LMU,47999.0032
SB-UTokyo-to-LMU,48148.0032
SB-UTokyo-to-LMU,48297.0032
SB-UTokyo-to-LMU,48446.0032
SB-UTokyo-to-LMU,48595.0032
SB-UTokyo-to-LMU,48744.0032
SB-UTokyo-to-LMU,48893.0032
SB-UTokyo-to-LMU,49042.0032
SB-UTokyo-to-LMU,49191.0033
SB-UTokyo-to-LMU,49340.0033
SB-UTokyo-to-LMU,49489.0033
SB-UTokyo-to-LMU,49788.0033
SB-UTokyo-to-LMU,49937.0033
SB-UTokyo-to-LMU,50086.0033
SB-UTokyo-to-LMU,50235.0033
SB-UTokyo-to-LMU,50384.0033
SB-UTokyo-to-LMU,50533.0033
SB-UTokyo-to-LMU,50686.0002
SB-UTokyo-to-LMU,50831.0033
SB-UTokyo-to-LMU,50980.0034
SB-UTokyo-to-LMU,51129.0034
SB-UTokyo-to-LMU,51278.0034
SB-UTokyo-to-LMU,51427.0034
SB-UTokyo-to-LMU,51726.0034
SB-UTokyo-to-LMU,51875.0034
SB-UTokyo-to-LMU,52024.0034
SB-UTokyo-to-LMU,52173.0034
SB-UTokyo-to-LMU,52322.0034
SB-UTokyo-to-LMU,52471.0034
SB-UTokyo-to-LMU,52620.0035
SB-UTokyo-to-LMU,52769.0035
SB-UTokyo-to-LMU,52918.0035
SB-UTokyo-to-LMU,53067.0035
SB-UTokyo-to-LMU,53216.0035
SB-UTokyo-to-LMU,53365.0035
SB-UTokyo-to-LMU,53514.0035
SB-UTokyo-to-LMU,53667.0002
SB-UTokyo-to-LMU,53812.0035
SB-UTokyo-to-LMU,53961.0035
SB-UTokyo-to-LMU,54110.0036
SB-UTokyo-to-LMU,54259.0036
SB-UTokyo-to-LMU,54408.0036
SB-UTokyo-to-LMU,54557.0036
SB-UTokyo-to-LMU,54706.0036
SB-UTokyo-to-LMU,54855.0036
SB-UTokyo-to-LMU,55004.0036
SB-UTokyo-to-LMU,55153.0036
SB-UTokyo-to-LMU,55302.0036
SB-UTokyo-to-LMU,55451.0036
SB-UTokyo-to-LMU,55600.0036
SB-UTokyo-to-LMU,55749.0037
SB-UTokyo-to-LMU,56048.0037
SB-UTokyo-to-LMU,56197.0037
SB-UTokyo-to-LMU,56346.0037
SB-UTokyo-to-LMU,56495.0037
SB-UTokyo-to-LMU,56648.0002
SB-UTokyo-to-LMU,56793.0037
SB-UTokyo-to-LMU,56942.0037
SB-UTokyo-to-LMU,57091.0037
SB-UTokyo-to-LMU,57240.0037
SB-UTokyo-to-LMU,57389.0038
SB-UTokyo-to-LMU,57538.0038
SB-UTokyo-to-LMU,57687.0038
SB-UTokyo-to-LMU,57836.0038
SB-UTokyo-to-LMU,57985.0038
SB-UTokyo-to-LMU,58134.0038
SB-UTokyo-to-LMU,58283.0038
SB-UTokyo-to-LMU,58432.0038
SB-UTokyo-to-LMU,58581.0038
SB-UTokyo-to-LMU,58730.0038
SB-UTokyo-to-LMU,58879.0039
SB-UTokyo-to-LMU,59028.0039
SB-UTokyo-to-LMU,59177.0039
SB-UTokyo-to-LMU,59326.0039
SB-UTokyo-to-LMU,59475.0039
SB-UTokyo-to-LMU,59628.0002
SB-UTokyo-to-LMU,59773.0039
SB-UTokyo-to-LMU,59922.0039
SB-UTokyo-to-LMU,60071.0039
SB-UTokyo-to-LMU,60220.0039
SB-UTokyo-to-LMU,60369.0039
SB-UTokyo-to-LMU,60518.004
SB-UTokyo-to-LMU,60667.004
SB-UTokyo-to-LMU,60816.004
SB-UTokyo-to-LMU,60965.004
SB-UTokyo-to-LMU,61114.004
SB-UTokyo-to-LMU,61263.004
SB-UTokyo-to-LMU,61412.004
SB-UTokyo-to-LMU,61561.004
SB-UTokyo-to-LMU,61710.004
SB-UTokyo-to-LMU,61859.004
SB-UTokyo-to-LMU,62158.0041
SB-UTokyo-to-LMU,62307.0041
SB-UTokyo-to-LMU,62456.0041
SB-UTokyo-to-LMU,62609.0002
SB-UTokyo-to-LMU,62754.0041
SB-UTokyo-to-LMU,62903.0041
SB-UTokyo-to-LMU,63052.0041
SB-UTokyo-to-LMU,63201.0041
SB-UTokyo-to-LMU,63350.0041
SB-UTokyo-to-LMU,63499.0041
SB-UTokyo-to-LMU,63648.0041
SB-UTokyo-to-LMU,63797.0042
SB-UTokyo-to-LMU,63946.0042
SB-UTokyo-to-LMU,64095.0042
SB-UTokyo-to-LMU,64244.0042
SB-UTokyo-to-LMU,64393.0042
SB-UTokyo-to-LMU,64542.0042
SB-UTokyo-to-LMU,64691.0042
SB-UTokyo-to-LMU,64840.0042
SB-UTokyo-to-LMU,64989.0042
SB-UTokyo-to-LMU,65138.0042
SB-UTokyo-to-LMU,65287.0043
SB-UTokyo-to-LMU,65436.0043
SB-UTokyo-to-LMU,65589.0002
SB-UTokyo-to-LMU,65734.0043
SB-UTokyo-to-LMU,65883.0043
SB-UTokyo-to-LMU,66032.0043
SB-UTokyo-to-LMU,66181.0043
SB-UTokyo-to-LMU,66330.0043
SB-UTokyo-to-LMU,66479.0043
SB-UTokyo-to-LMU,66628.0043
SB-UTokyo-to-LMU,66777.0044
SB-UTokyo-to-LMU,66926.0044
SB-UTokyo-to-LMU,67075.0044
SB-UTokyo-to-LMU,67224.0044
SB-UTokyo-to-LMU,67373.0044
SB-UTokyo-to-LMU,67522.0044
SB-UTokyo-to-LMU,67671.0044
SB-UTokyo-to-LMU,67820.0044
SB-UTokyo-to-LMU,67969.0044
SB-UTokyo-to-LMU,68268.0044
SB-UTokyo-to-LMU,68417.0044
SB-UTokyo-to-LMU,68570.0002
SB-UTokyo-to-LMU,68715.0045
SB-UTokyo-to-LMU,68864.0045
SB-UTokyo-to-LMU,69013.0045
SB-UTokyo-to-LMU,69162.0045
SB-UTokyo-to-LMU,69311.0045
SB-UTokyo-to-LMU,69460.0045
SB-UTokyo-to-LMU,69609.0045
SB-UTokyo-to-LMU,69758.0045
SB-UTokyo-to-LMU,69907.0045
SB-UTokyo-to-LMU,70056.0046
SB-UTokyo-to-LMU,70205.0046
SB-UTokyo-to-LMU,70354.0046
SB-UTokyo-to-LMU,70503.0046
SB-UTokyo-to-LMU,70652.0046
SB-UTokyo-to-LMU,70801.0046
SB-UTokyo-to-LMU,70950.0046
SB-UTokyo-to-LMU,71099.0046
SB-UTokyo-to-LMU,71248.0046
SB-UTokyo-to-LMU,71397.0046
SB-UTokyo-to-LMU,71550.0002
SB-UTokyo-to-LMU,71695.0047
SB-UTokyo-to-LMU,71844.0047
SB-UTokyo-to-LMU,71993.0047
SB-UTokyo-to-LMU,72142.0047
SB-UTokyo-to-LMU,72291.0047
SB-UTokyo-to-LMU,72440.0047
SB-UTokyo-to-LMU,72589.0047
SB-UTokyo-to-LMU,72738.0047
SB-UTokyo-to-LMU,72887.0047
SB-UTokyo-to-LMU,73036.0047
SB-UTokyo-to-LMU,73185.0048
SB-UTokyo-to-LMU,73334.0048
SB-UTokyo-to-LMU,73483.0048
SB-UTokyo-to-LMU,73632.0048
SB-UTokyo-to-LMU,73781.0048
SB-UTokyo-to-LMU,73930.0048
SB-UTokyo-to-LMU,74079.0048
SB-UTokyo-to-LMU,74378.0048
SB-UTokyo-to-LMU,74531.0002
SB-UTokyo-to-LMU,74676.0048
SB-UTokyo-to-LMU,74825.0049
SB-UTokyo-to-LMU,74974.0049
SB-UTokyo-to-LMU,75123.0049
SB-UTokyo-to-LMU,75272.0049
SB-UTokyo-to-LMU,75421.0049
SB-UTokyo-to-LMU,75570.0049
SB-UTokyo-to-LMU,75719.0049
SB-UTokyo-to-LMU,75868.0049
SB-UTokyo-to-LMU,76017.0049
SB-UTokyo-to-LMU,76166.0049
SB-UTokyo-to-LMU,76315.0049
SB-UTokyo-to-LMU,76464.005
SB-UTokyo-to-LMU,76613.005
SB-UTokyo-to-LMU,76762.005
SB-UTokyo-to-LMU,76911.005
SB-UTokyo-to-LMU,77060.005
SB-UTokyo-to-LMU,77209.005
SB-UTokyo-to-LMU,77358.005
SB-UTokyo-to-LMU,77511.0002
SB-UTokyo-to-LMU,77656.005
SB-UTokyo-to-LMU,77805.005
SB-UTokyo-to-LMU,77954.0051
SB-UTokyo-to-LMU,78103.0051
SB-UTokyo-to-LMU,78252.0051
SB-UTokyo-to-LMU,78401.0051
SB-UTokyo-to-LMU,78550.0051
SB-UTokyo-to-LMU,78699.0051
SB-UTokyo-to-LMU,78848.0051
SB-UTokyo-to-LMU,78997.0051
SB-UTokyo-to-LMU,79146.0051
SB-UTokyo-to-LMU,79295.0051
SB-UTokyo-to-LMU,79444.0051
SB-UTokyo-to-LMU,79593.0052
SB-UTokyo-to-LMU,79742.0052
SB-UTokyo-to-LMU,79891.0052
SB-UTokyo-to-LMU,80040.0052
SB-UTokyo-to-LMU,80189.0052
SB-UTokyo-to-LMU,80492.0002
SB-UTokyo-to-LMU,80637.0052
SB-UTokyo-to-LMU,80786.0052
SB-UTokyo-to-LMU,80935.0052
SB-UTokyo-to-LMU,81084.0052
SB-UTokyo-to-LMU,81233.0053
SB-UTokyo-to-LMU,81382.0053
SB-UTokyo-to-LMU,81531.0053
SB-UTokyo-to-LMU,81680.0053
SB-UTokyo-to-LMU,81829.0053
SB-UTokyo-to-LMU,81978.0053
SB-UTokyo-to-LMU,82127.0053
SB-UTokyo-to-LMU,82276.0053
SB-UTokyo-to-LMU,82425.0053
SB-UTokyo-to-LMU,82574.0053
SB-UTokyo-to-LMU,82723.0054
SB-UTokyo-to-LMU,82872.0054
SB-UTokyo-to-LMU,83021.0054
SB-UTokyo-to-LMU,83170.0054
SB-UTokyo-to-LMU,83319.0054
SB-UTokyo-to-LMU,83472.0002
SB-UTokyo-to-LMU,83617.0054
SB-UTokyo-to-LMU,83766.0054
SB-UTokyo-to-LMU,83915.0054
SB-UTokyo-to-LMU,84064.0054
SB-UTokyo-to-LMU,84213.0054
SB-UTokyo-to-LMU,84362.0055
SB-UTokyo-to-LMU,84511.0055
SB-UTokyo-to-LMU,84660.0055
SB-UTokyo-to-LMU,84809.0055
SB-UTokyo-to-LMU,84958.0055
SB-UTokyo-to-LMU,85107.0055
SB-UTokyo-to-LMU,85256.0055
SB-UTokyo-to-LMU,85405.0055
SB-UTokyo-to-LMU,85554.0055
SB-UTokyo-to-LMU,85703.0055
SB-UTokyo-to-LMU,85852.0056
SB-UTokyo-to-LMU,86001.0056
SB-UTokyo-to-LMU,86150.0056
SB-UTokyo-to-LMU,86299.0056
SB-UTokyo-to-LMU,86598.0056
SB-UTokyo-to-LMU,86747.0056
SB-UTokyo-to-LMU,86896.0056
SB-UTokyo-to-LMU,87045.0056
SB-UTokyo-to-LMU,87194.0056
SB-UTokyo-to-LMU,87343.0056
SB-UTokyo-to-LMU,87492.0056
SB-UTokyo-to-LMU,87641.0057
SB-UTokyo-to-LMU,87790.0057
SB-UTokyo-to-LMU,87939.0057
SB-UTokyo-to-LMU,88088.0057
SB-UTokyo-to-LMU,88237.0057
SB-UTokyo-to-LMU,88386.0057
SB-UTokyo-to-LMU,88535.0057
SB-UTokyo-to-LMU,88684.0057
SB-UTokyo-to-LMU,88833.0057
SB-UTokyo-to-LMU,88982.0057
SB-UTokyo-to-LMU,89131.0058
SB-UTokyo-to-LMU,89280.0058
SB-UTokyo-to-LMU,89433.0002
SB-UTokyo-to-LMU,89578.0058
SB-UTokyo-to-LMU,89727.0058
SB-UTokyo-to-LMU,89876.0058
SB-UTokyo-to-LMU,90025.0058
SB-UTokyo-to-LMU,90174.0058
SB-UTokyo-to-LMU,90323.0058
SB-UTokyo-to-LMU,90472.0058
SB-UTokyo-to-LMU,90621.0059
SB-UTokyo-to-LMU,90770.0059
SB-UTokyo-to-LMU,90919.0059
SB-UTokyo-to-LMU,91068.0059
SB-UTokyo-to-LMU,91217.0059
SB-UTokyo-to-LMU,91366.0059
SB-UTokyo-to-LMU,91515.0059
SB-UTokyo-to-LMU,91664.0059
SB-UTokyo-to-LMU,91813.0059
SB-UTokyo-to-LMU,91962.0059
SB-UTokyo-to-LMU,92111.0059
SB-UTokyo-to-LMU,92260.006
SB-UTokyo-to-LMU,92413.0002
SB-UTokyo-to-LMU,92708.006
SB-UTokyo-to-LMU,92857.006
SB-UTokyo-to-LMU,93006.006
SB-UTokyo-to-LMU,93155.006
SB-UTokyo-to-LMU,93304.006
SB-UTokyo-to-LMU,93453.006
SB-UTokyo-to-LMU,93602.006
SB-UTokyo-to-LMU,93751.006
SB-UTokyo-to-LMU,93900.0061
SB-UTokyo-to-LMU,94049.0061
SB-UTokyo-to-LMU,94198.0061
SB-UTokyo-to-LMU,94347.0061
SB-UTokyo-to-LMU,94496.0061
SB-UTokyo-to-LMU,94645.0061
SB-UTokyo-to-LMU,94794.0061
SB-UTokyo-to-LMU,94943.0061
SB-UTokyo-to-LMU,95092.0061
SB-UTokyo-to-LMU,95241.0061
SB-UTokyo-to-LMU,95394.0002
SB-UTokyo-to-LMU,95539.0062
SB-UTokyo-to-LMU,95688.0062
SB-UTokyo-to-LMU,95837.0062
SB-UTokyo-to-LMU,95986.0062
SB-UTokyo-to-LMU,96135.0062
SB-UTokyo-to-LMU,96284.0062
SB-UTokyo-to-LMU,96433.0062
SB-UTokyo-to-LMU,96582.0062
SB-UTokyo-to-LMU,96731.0062
SB-UTokyo-to-LMU,96880.0062
SB-UTokyo-to-LMU,97029.0063
SB-UTokyo-to-LMU,97178.0063
SB-UTokyo-to-LMU,97327.0063
SB-UTokyo-to-LMU,97476.0063
SB-UTokyo-to-LMU,97625.0063
SB-UTokyo-to-LMU,97774.0063
SB-UTokyo-to-LMU,97923.0063
SB-UTokyo-to-LMU,98072.0063
SB-UTokyo-to-LMU,98221.0063
SB-UTokyo-to-LMU,98374.0002
SB-UTokyo-to-LMU,98519.0064
SB-UTokyo-to-LMU,98818.0064
SB-UTokyo-to-LMU,98967.0064
SB-UTokyo-to-LMU,99116.0064
SB-UTokyo-to-LMU,99265.0064
SB-KAIST-to-OVGU,475.0002
SB-KAIST-to-OVGU,654.0002
SB-KAIST-to-OVGU,743.0002
SB-KAIST-to-OVGU,832.0003
SB-KAIST-to-OVGU,921.0003
SB-KAIST-to-OVGU,1012.0002
SB-KAIST-to-OVGU,1099.0003
SB-KAIST-to-OVGU,1278.0003
SB-KAIST-to-OVGU,1547.0003
SB-KAIST-to-OVGU,1636.0003
SB-KAIST-to-OVGU,1725.0003
SB-KAIST-to-OVGU,1814.0003
SB-KAIST-to-OVGU,1903.0003
SB-KAIST-to-OVGU,1992.0004
SB-KAIST-to-OVGU,2082.0002
SB-KAIST-to-OVGU,2260.0004
SB-KAIST-to-OVGU,2439.0004
SB-KAIST-to-OVGU,2618.0004
SB-KAIST-to-OVGU,2707.0004
SB-KAIST-to-OVGU,2796.0004
SB-KAIST-to-OVGU,2885.0004
SB-KAIST-to-OVGU,2974.0004
SB-KAIST-to-OVGU,3063.0004
SB-KAIST-to-OVGU,3242.0004
SB-KAIST-to-OVGU,3421.0005
SB-KAIST-to-OVGU,3600.0005
SB-KAIST-to-OVGU,3689.0005
SB-KAIST-to-OVGU,3778.0005
SB-KAIST-to-OVGU,3867.0005
SB-KAIST-to-OVGU,3956.0005
SB-KAIST-to-OVGU,4045.0005
SB-KAIST-to-OVGU,4134.0005
SB-KAIST-to-OVGU,5303.0006
SB-KAIST-to-OVGU,7192.0008
SB-KAIST-to-OVGU,9006.0002
SB-KAIST-to-OVGU,10700.0012
SB-KAIST-to-OVGU,14149.0016
SB-KAIST-to-OVGU,23478.0075
SB-KAIST-to-OVGU,32327.0132
SB-KAIST-to-OVGU,41656.0191
SB-KAIST-to-OVGU,50985.0251
SB-KAIST-to-OVGU,60764.0313
SB-KAIST-to-OVGU,70078.0373
SB-KAIST-to-OVGU,78927.0429
SB-KAIST-to-OVGU,88256.0489
SB-KAIST-to-OVGU,97120.0545
SB-MIT-to-UTokyo,6546.001
SB-MIT-to-UTokyo,6903.0011
SB-MIT-to-UTokyo,7500.0011
SB-MIT-to-UTokyo,7857.0011
SB-MIT-to-UTokyo,8335.0012
SB-MIT-to-UTokyo,8692.0012
SB-MIT-to-UTokyo,9289.0012
SB-MIT-to-UTokyo,9646.0013
SB-MIT-to-UTokyo,10028.0002
SB-MIT-to-UTokyo,10361.0013
SB-MIT-to-UTokyo,11076.0014
SB-MIT-to-UTokyo,11433.0014
SB-MIT-to-UTokyo,11910.0014
SB-MIT-to-UTokyo,12267.0015
SB-MIT-to-UTokyo,12625.0015
SB-MIT-to-UTokyo,13006.0002
SB-MIT-to-UTokyo,13459.0016
SB-MIT-to-UTokyo,13816.0016
SB-MIT-to-UTokyo,14175.0015
SB-MIT-to-UTokyo,14531.0016
SB-MIT-to-UTokyo,15246.0017
SB-MIT-to-UTokyo,15603.0017
SB-MIT-to-UTokyo,16200.0018
SB-MIT-to-UTokyo,16558.0017
SB-MIT-to-UTokyo,17035.0018
SB-MIT-to-UTokyo,17392.0019
SB-MIT-to-UTokyo,17870.0019
SB-MIT-to-UTokyo,18227.0019
SB-MIT-to-UTokyo,18824.002
SB-MIT-to-UTokyo,19181.002
SB-MIT-to-UTokyo,19896.002
SB-MIT-to-UTokyo,20253.0021
SB-MIT-to-UTokyo,20731.002
SB-MIT-to-UTokyo,21087.0021
SB-MIT-to-UTokyo,21445.0022
SB-MIT-to-UTokyo,21802.0022
SB-MIT-to-UTokyo,22279.0022
SB-MIT-to-UTokyo,22636.0023
SB-MIT-to-UTokyo,22994.0023
SB-MIT-to-UTokyo,23351.0023
SB-MIT-to-UTokyo,23828.0024
SB-MIT-to-UTokyo,24185.0024
SB-MIT-to-UTokyo,24924.0002
SB-MIT-to-UTokyo,25257.0025
SB-MIT-to-UTokyo,25854.0025
SB-MIT-to-UTokyo,26211.0025
SB-MIT-to-UTokyo,26690.0023
SB-MIT-to-UTokyo,27046.0026
SB-MIT-to-UTokyo,27404.0026
SB-MIT-to-UTokyo,27905.0002
SB-MIT-to-UTokyo,28358.0027
SB-MIT-to-UTokyo,28835.0027
SB-MIT-to-UTokyo,29550.0028
SB-MIT-to-UTokyo,29907.0028
SB-MIT-to-UTokyo,30266.0026
SB-MIT-to-UTokyo,30622.0029
SB-MIT-to-UTokyo,31099.0029
SB-MIT-to-UTokyo,31457.0026
SB-MIT-to-UTokyo,31814.003
SB-MIT-to-UTokyo,32171.003
SB-MIT-to-UTokyo,32649.0027
SB-MIT-to-UTokyo,33005.0031
SB-MIT-to-UTokyo,33720.0031
SB-MIT-to-UTokyo,34077.0031
SB-MIT-to-UTokyo,34436.0028
SB-MIT-to-UTokyo,34792.0032
SB-MIT-to-UTokyo,35269.0032
SB-MIT-to-UTokyo,35746.0033
SB-MIT-to-UTokyo,36104.0033
SB-MIT-to-UTokyo,36581.0033
SB-MIT-to-UTokyo,37058.0034
SB-MIT-to-UTokyo,37535.0034
SB-MIT-to-UTokyo,38370.0035
SB-MIT-to-UTokyo,38727.0035
SB-MIT-to-UTokyo,39085.0035
SB-MIT-to-UTokyo,39442.0035
SB-MIT-to-UTokyo,39919.0036
SB-MIT-to-UTokyo,40276.0036
SB-MIT-to-UTokyo,40634.0036
SB-MIT-to-UTokyo,40992.0032
SB-MIT-to-UTokyo,41706.0037
SB-MIT-to-UTokyo,42063.0037
SB-MIT-to-UTokyo,42540.0038
SB-MIT-to-UTokyo,42897.0038
SB-MIT-to-UTokyo,43255.0038
SB-MIT-to-UTokyo,43612.0039
SB-MIT-to-UTokyo,44089.0039
SB-MIT-to-UTokyo,44446.0039
SB-MIT-to-UTokyo,44804.004
SB-MIT-to-UTokyo,45281.004
SB-MIT-to-UTokyo,45996.0041
SB-MIT-to-UTokyo,46473.0041
SB-MIT-to-UTokyo,47070.0041
SB-MIT-to-UTokyo,47427.0042
SB-MIT-to-UTokyo,47785.0042
SB-MIT-to-UTokyo,48262.0042
SB-MIT-to-UTokyo,48763.0002
SB-MIT-to-UTokyo,49096.0043
SB-MIT-to-UTokyo,49454.0043
SB-MIT-to-UTokyo,49811.0043
SB-MIT-to-UTokyo,50527.0038
SB-MIT-to-UTokyo,50883.0044
SB-MIT-to-UTokyo,51360.0045
SB-MIT-to-UTokyo,51741.0002
SB-MIT-to-UTokyo,52075.0045
SB-MIT-to-UTokyo,52432.0045
SB-MIT-to-UTokyo,52790.0046
SB-MIT-to-UTokyo,53147.0046
SB-MIT-to-UTokyo,53624.0046
SB-MIT-to-UTokyo,53981.0047
SB-MIT-to-UTokyo,54720.0002
SB-MIT-to-UTokyo,55173.0048
SB-MIT-to-UTokyo,55650.0048
SB-MIT-to-UTokyo,56127.0048
SB-MIT-to-UTokyo,56486.0042
SB-MIT-to-UTokyo,56962.0049
SB-MIT-to-UTokyo,57320.0049
SB-MIT-to-UTokyo,57797.0049
SB-MIT-to-UTokyo,58275.0043
SB-MIT-to-UTokyo,58631.005
SB-MIT-to-UTokyo,59346.0051
SB-MIT-to-UTokyo,59703.0051
SB-MIT-to-UTokyo,60180.0051
SB-MIT-to-UTokyo,60537.0052
SB-MIT-to-UTokyo,60895.0052
SB-MIT-to-UTokyo,61253.0045
SB-MIT-to-UTokyo,61610.0053
SB-MIT-to-UTokyo,61967.0053
SB-MIT-to-UTokyo,62445.0046
SB-MIT-to-UTokyo,62801.0053
SB-MIT-to-UTokyo,63516.0054
SB-MIT-to-UTokyo,63873.0054
SB-MIT-to-UTokyo,64232.0047
SB-MIT-to-UTokyo,64708.0055
SB-MIT-to-UTokyo,65185.0055
SB-MIT-to-UTokyo,65662.0056
SB-MIT-to-UTokyo,66021.0048
SB-MIT-to-UTokyo,66377.0056
SB-MIT-to-UTokyo,66974.0057
SB-MIT-to-UTokyo,67451.0057
SB-MIT-to-UTokyo,68166.0057
SB-MIT-to-UTokyo,68523.0058
SB-MIT-to-UTokyo,68881.0058
SB-MIT-to-UTokyo,69238.0058
SB-MIT-to-UTokyo,69715.0059
SB-MIT-to-UTokyo,70072.0059
SB-MIT-to-UTokyo,70430.0059
SB-MIT-to-UTokyo,70788.0051
SB-MIT-to-UTokyo,71264.006
SB-MIT-to-UTokyo,71621.006
SB-MIT-to-UTokyo,72336.0061
SB-MIT-to-UTokyo,72693.0061
SB-MIT-to-UTokyo,73051.0061
SB-MIT-to-UTokyo,73408.0062
SB-MIT-to-UTokyo,73885.0062
SB-MIT-to-UTokyo,74242.0062
SB-MIT-to-UTokyo,74720.0063
SB-MIT-to-UTokyo,75077.0063
SB-MIT-to-UTokyo,75912.0064
SB-MIT-to-UTokyo,76389.0064
SB-MIT-to-UTokyo,76866.0064
SB-MIT-to-UTokyo,77344.0055
SB-MIT-to-UTokyo,77820.0065
SB-MIT-to-UTokyo,78177.0065
SB-MIT-to-UTokyo,78654.0065
SB-MIT-to-UTokyo,79011.0066
SB-MIT-to-UTokyo,79369.0066
SB-MIT-to-UTokyo,79727.0057
SB-MIT-to-UTokyo,80203.0067
SB-MIT-to-UTokyo,80560.0067
SB-MIT-to-UTokyo,80919.0057
SB-MIT-to-UTokyo,81275.0067
SB-MIT-to-UTokyo,81752.0068
SB-MIT-to-UTokyo,82110.0058
SB-MIT-to-UTokyo,82466.0068
SB-MIT-to-UTokyo,82823.0069
SB-MIT-to-UTokyo,83180.0069
SB-MIT-to-UTokyo,83537.0069
SB-MIT-to-UTokyo,84014.0069
SB-MIT-to-UTokyo,84371.007
SB-MIT-to-UTokyo,84848.007
SB-MIT-to-UTokyo,85205.007
SB-MIT-to-UTokyo,86040.0071
SB-MIT-to-UTokyo,86517.0071
SB-MIT-to-UTokyo,86875.0061
SB-MIT-to-UTokyo,87231.0072
SB-MIT-to-UTokyo,87588.0072
SB-MIT-to-UTokyo,87945.0072
SB-MIT-to-UTokyo,88302.0073
SB-MIT-to-UTokyo,88660.0062
SB-MIT-to-UTokyo,89016.0073
SB-MIT-to-UTokyo,89373.0074
SB-MIT-to-UTokyo,89730.0074
SB-MIT-to-UTokyo,90087.0074
SB-MIT-to-UTokyo,90564.0075
SB-MIT-to-UTokyo,90921.0075
SB-MIT-to-UTokyo,91278.0075
SB-MIT-to-UTokyo,91636.0064
SB-MIT-to-UTokyo,91992.0076
SB-MIT-to-UTokyo,92349.0076
SB-MIT-to-UTokyo,92827.0065
SB-MIT-to-UTokyo,93183.0077
SB-MIT-to-UTokyo,93660.0077
SB-MIT-to-UTokyo,94018.0066
SB-MIT-to-UTokyo,94494.0077
SB-MIT-to-UTokyo,94971.0078
SB-MIT-to-UTokyo,95329.0078
SB-MIT-to-UTokyo,95686.0078
SB-MIT-to-UTokyo,96043.0079
SB-MIT-to-UTokyo,96424.0002
SB-MIT-to-UTokyo,96757.0079
SB-MIT-to-UTokyo,97114.0079
